
#Hotel

Insert into ta_hotel (HotelID, HotelName, HotelLocation, HotelRank) Values (1, 'Novotel München City','Hochstrasse 11, 81669 München, Bayern, Deutschland',55 );

Insert into ta_hotel (HotelID, HotelName, HotelLocation, HotelRank) Values (2, 'Hotel München Palace','Trogerstraße 21, 81675 München, Bayern, Deutschland , Bayern, Deutschland',5);

Insert into ta_hotel (HotelID, HotelName, HotelLocation, HotelRank) Values (3, 'Novotel München City','Hochstrasse 11, 81669 München, Bayern, Deutschland',55 );

Insert into ta_hotel (HotelID, HotelName, HotelLocation, HotelRank) Values (4, 'Hotel München Palace','Trogerstraße 21, 81675 München, Bayern, Deutschland , Bayern, Deutschland',5);

Insert into ta_hotel (HotelID, HotelName, HotelLocation, HotelRank) Values (5, 'Novotel München City','Hochstrasse 11, 81669 München, Bayern, Deutschland',55 );

Insert into ta_hotel (HotelID, HotelName, HotelLocation, HotelRank) Values (6, 'Hotel München Palace','Trogerstraße 21, 81675 München, Bayern, Deutschland , Bayern, Deutschland',5);

Insert into ta_hotel (HotelID, HotelName, HotelLocation, HotelRank) Values (7, 'Novotel München City','Hochstrasse 11, 81669 München, Bayern, Deutschland',55 );

Insert into ta_hotel (HotelID, HotelName, HotelLocation, HotelRank) Values (8, 'Hotel München Palace','Trogerstraße 21, 81675 München, Bayern, Deutschland , Bayern, Deutschland',5);

Insert into ta_hotel (HotelID, HotelName, HotelLocation, HotelRank) Values (9, 'Novotel München City','Hochstrasse 11, 81669 München, Bayern, Deutschland',55 );

Insert into ta_hotel (HotelID, HotelName, HotelLocation, HotelRank) Values (10, 'Hotel München Palace','Trogerstraße 21, 81675 München, Bayern, Deutschland , Bayern, Deutschland',5);

Insert into ta_hotel (HotelID, HotelName, HotelLocation, HotelRank) Values (11, 'Novotel München City','Hochstrasse 11, 81669 München, Bayern, Deutschland',55 );

Insert into ta_hotel (HotelID, HotelName, HotelLocation, HotelRank) Values (12, 'Hotel München Palace','Trogerstraße 21, 81675 München, Bayern, Deutschland , Bayern, Deutschland',5);

Insert into ta_hotel (HotelID, HotelName, HotelLocation, HotelRank) Values (13, 'Novotel München City','Hochstrasse 11, 81669 München, Bayern, Deutschland',55 );

Insert into ta_hotel (HotelID, HotelName, HotelLocation, HotelRank) Values (14, 'Hotel München Palace','Trogerstraße 21, 81675 München, Bayern, Deutschland , Bayern, Deutschland',5);

Insert into ta_hotel (HotelID, HotelName, HotelLocation, HotelRank) Values (15, 'Novotel München City','Hochstrasse 11, 81669 München, Bayern, Deutschland',55 );

Insert into ta_hotel (HotelID, HotelName, HotelLocation, HotelRank) Values (16, 'Hotel München Palace','Trogerstraße 21, 81675 München, Bayern, Deutschland , Bayern, Deutschland',5);

Insert into ta_hotel (HotelID, HotelName, HotelLocation, HotelRank) Values (17, 'Novotel München City','Hochstrasse 11, 81669 München, Bayern, Deutschland',55 );

Insert into ta_hotel (HotelID, HotelName, HotelLocation, HotelRank) Values (18, 'Hotel München Palace','Trogerstraße 21, 81675 München, Bayern, Deutschland , Bayern, Deutschland',5);

Insert into ta_hotel (HotelID, HotelName, HotelLocation, HotelRank) Values (19, 'Novotel München City','Hochstrasse 11, 81669 München, Bayern, Deutschland',55 );

Insert into ta_hotel (HotelID, HotelName, HotelLocation, HotelRank) Values (20, 'Hotel München Palace','Trogerstraße 21, 81675 München, Bayern, Deutschland , Bayern, Deutschland',5);

Insert into ta_hotel (HotelID, HotelName, HotelLocation, HotelRank) Values (21, 'Novotel München City','Hochstrasse 11, 81669 München, Bayern, Deutschland',55 );

Insert into ta_hotel (HotelID, HotelName, HotelLocation, HotelRank) Values (22, 'Hotel München Palace','Trogerstraße 21, 81675 München, Bayern, Deutschland , Bayern, Deutschland',5);

Insert into ta_hotel (HotelID, HotelName, HotelLocation, HotelRank) Values (23, 'Novotel München City','Hochstrasse 11, 81669 München, Bayern, Deutschland',55 );

Insert into ta_hotel (HotelID, HotelName, HotelLocation, HotelRank) Values (24, 'Hotel München Palace','Trogerstraße 21, 81675 München, Bayern, Deutschland , Bayern, Deutschland',5);

Insert into ta_hotel (HotelID, HotelName, HotelLocation, HotelRank) Values (25, 'Hotel München Palace','Trogerstraße 21, 81675 München, Bayern, Deutschland , Bayern, Deutschland',5);

#User

Insert into ta_user (UserID, UserName, Userrating, Usergender, UserCountry, UserAGE, UserStayDate, 
UserReviewTitel, UserReviewText, UserCreationDate, UserUpdateDate) values (1,'saschaz',101,'male','germany',50,'Apri2017','Super Hotel.
Alle Wünsche wurden erfüllt','Frühstück und Speisen im Restaurant sind sehr lecker und reichhaltig. Das Hallenbad,
der Fitnessraum und die Sauna sind top. Das Personal ist sehr freundlich. Auch der Spielraum für die Kinder ist schön.
Auf den Zimmern steht eine X-Box zur Verfügung.', 01,02);

Insert into ta_user (UserID, UserName, Userrating, Usergender, UserCountry, UserAGE, UserStayDate, 
UserReviewTitel, UserReviewText, UserCreationDate, UserUpdateDate) values (2,'T740RHsandrab',100,'male','germany',32,'April2017','Mit Kindern klasse','Wir waren mit unseren Kindern (8,5) da und wir haben uns die drei Nächte sehr wohl gefühlt. Der Wellnessbereich mit Schwimmbad und Sauna war toll und würde täglich mindesten einmal aufgesucht. Aber das beste war das
 Frühstück, wo sich niemand über die vielen Kinder beschwerte und das Personal fantastisch war und Sonderwünsche gerne erfüllte. Wir kommen auf jeden Fall wieder!', 01,02);

Insert into ta_user (UserID, UserName, Userrating, Usergender, UserCountry, UserAGE, UserStayDate, 
UserReviewTitel, UserReviewText, UserCreationDate, UserUpdateDate) values (3,'stefanieg495',200,'female','germany',67,'April2017','Familien Kurzurlaub in München','Wir
 waren 5 Nächte mit unseren beiden Kindern (6/10) im Novotel City. Übernachtet haben wir im Doppelzimmer, Kids auf ausziehbarem Sofa. 
 Trotz der vielen Gäste hatten wir ruhige Nächte dank gut isoliertem Zimmer. Das Frühstücksbuffet lässt keine Wünsche offen. Waren sehr zufrieden.', 170516,170804);

Insert into ta_user (UserID, UserName, Userrating, Usergender, UserCountry, UserAGE, UserStayDate, 
UserReviewTitel, UserReviewText, UserCreationDate, UserUpdateDate) values (4,'Nikolaus R',116407,'male','germany',56,'Sep2015','Bestens bedient','Über Ostern 2 Tage
 gemeinsam München besuchen. Wo willst Du da mit Familie und Kindern übernachten? Es soll nicht weit von der Innenstadt, aber auch ruhig gelegen sein, 
 Parken in Hotelnähe soll möglich sein und Eltern und Kinder sollen Ihre Zimmer nebeneinander und über eine Verbindungstür zugänglich haben, ein gutes
 Frühstück ist der Wunsch, ...', 01,02);
 
 Insert into ta_user (UserID, UserName, Userrating, Usergender, UserCountry, UserAGE, UserStayDate, 
UserReviewTitel, UserReviewText, UserCreationDate, UserUpdateDate) values (5,'tomspeck',205,'male','germany',78,'okt2015','Musicalreise München ','Sehr schönes zentral gelegenes und familiär
 geführtes Stadthotel. Schöne moderne Zimmer mit guter Ausstattung. Die Apartments im oberen Stock haben einen schönen Blick zur Altstadt. Alles zu Fuß gut zu erreichen. 
 Deutsches Theater um die Ecke. Gutes Frühstücksbüffet. Werden wieder kommen. Sehr zu empfehle', 170516,170804);
 
Insert into ta_user (UserID, UserName, Userrating, Usergender, UserCountry, UserAGE, UserStayDate, 
UserReviewTitel, UserReviewText, UserCreationDate, UserUpdateDate) values (6,'saschaz',101,'male','germany',50,'Apri2017','Super Hotel.
Alle Wünsche wurden erfüllt','Frühstück und Speisen im Restaurant sind sehr lecker und reichhaltig. Das Hallenbad,
der Fitnessraum und die Sauna sind top. Das Personal ist sehr freundlich. Auch der Spielraum für die Kinder ist schön.
Auf den Zimmern steht eine X-Box zur Verfügung.', 01,02);

Insert into ta_user (UserID, UserName, Userrating, Usergender, UserCountry, UserAGE, UserStayDate, 
UserReviewTitel, UserReviewText, UserCreationDate, UserUpdateDate) values (7,'T740RHsandrab',100,'male','germany',32,'April2017','Mit Kindern klasse','Wir waren mit unseren Kindern (8,5) da und wir haben uns die drei Nächte sehr wohl gefühlt. Der Wellnessbereich mit Schwimmbad und Sauna war toll und würde täglich mindesten einmal aufgesucht. Aber das beste war das
 Frühstück, wo sich niemand über die vielen Kinder beschwerte und das Personal fantastisch war und Sonderwünsche gerne erfüllte. Wir kommen auf jeden Fall wieder!', 01,02);

Insert into ta_user (UserID, UserName, Userrating, Usergender, UserCountry, UserAGE, UserStayDate, 
UserReviewTitel, UserReviewText, UserCreationDate, UserUpdateDate) values (8,'stefanieg495',200,'female','germany',67,'April2017','Familien Kurzurlaub in München','Wir
 waren 5 Nächte mit unseren beiden Kindern (6/10) im Novotel City. Übernachtet haben wir im Doppelzimmer, Kids auf ausziehbarem Sofa. 
 Trotz der vielen Gäste hatten wir ruhige Nächte dank gut isoliertem Zimmer. Das Frühstücksbuffet lässt keine Wünsche offen. Waren sehr zufrieden.', 170516,170804);

Insert into ta_user (UserID, UserName, Userrating, Usergender, UserCountry, UserAGE, UserStayDate, 
UserReviewTitel, UserReviewText, UserCreationDate, UserUpdateDate) values (9,'Nikolaus R',116407,'male','germany',56,'Sep2015','Bestens bedient','Über Ostern 2 Tage
 gemeinsam München besuchen. Wo willst Du da mit Familie und Kindern übernachten? Es soll nicht weit von der Innenstadt, aber auch ruhig gelegen sein, 
 Parken in Hotelnähe soll möglich sein und Eltern und Kinder sollen Ihre Zimmer nebeneinander und über eine Verbindungstür zugänglich haben, ein gutes
 Frühstück ist der Wunsch, ...', 01,02);
 
 Insert into ta_user (UserID, UserName, Userrating, Usergender, UserCountry, UserAGE, UserStayDate, 
UserReviewTitel, UserReviewText, UserCreationDate, UserUpdateDate) values (10,'tomspeck',205,'male','germany',78,'okt2015','Musicalreise München ','Sehr schönes zentral gelegenes und familiär
 geführtes Stadthotel. Schöne moderne Zimmer mit guter Ausstattung. Die Apartments im oberen Stock haben einen schönen Blick zur Altstadt. Alles zu Fuß gut zu erreichen. 
 Deutsches Theater um die Ecke. Gutes Frühstücksbüffet. Werden wieder kommen. Sehr zu empfehle', 170516,170804);

Insert into ta_user (UserID, UserName, Userrating, Usergender, UserCountry, UserAGE, UserStayDate, 
UserReviewTitel, UserReviewText, UserCreationDate, UserUpdateDate) values (11,'saschaz',101,'male','germany',50,'Apri2017','Super Hotel.
Alle Wünsche wurden erfüllt','Frühstück und Speisen im Restaurant sind sehr lecker und reichhaltig. Das Hallenbad,
der Fitnessraum und die Sauna sind top. Das Personal ist sehr freundlich. Auch der Spielraum für die Kinder ist schön.
Auf den Zimmern steht eine X-Box zur Verfügung.', 01,02);

Insert into ta_user (UserID, UserName, Userrating, Usergender, UserCountry, UserAGE, UserStayDate, 
UserReviewTitel, UserReviewText, UserCreationDate, UserUpdateDate) values (12,'T740RHsandrab',100,'male','germany',32,'April2017','Mit Kindern klasse','Wir waren mit unseren Kindern (8,5) da und wir haben uns die drei Nächte sehr wohl gefühlt. Der Wellnessbereich mit Schwimmbad und Sauna war toll und würde täglich mindesten einmal aufgesucht. Aber das beste war das
 Frühstück, wo sich niemand über die vielen Kinder beschwerte und das Personal fantastisch war und Sonderwünsche gerne erfüllte. Wir kommen auf jeden Fall wieder!', 01,02);

Insert into ta_user (UserID, UserName, Userrating, Usergender, UserCountry, UserAGE, UserStayDate, 
UserReviewTitel, UserReviewText, UserCreationDate, UserUpdateDate) values (13,'stefanieg495',200,'female','germany',67,'April2017','Familien Kurzurlaub in München','Wir
 waren 5 Nächte mit unseren beiden Kindern (6/10) im Novotel City. Übernachtet haben wir im Doppelzimmer, Kids auf ausziehbarem Sofa. 
 Trotz der vielen Gäste hatten wir ruhige Nächte dank gut isoliertem Zimmer. Das Frühstücksbuffet lässt keine Wünsche offen. Waren sehr zufrieden.', 170516,170804);

Insert into ta_user (UserID, UserName, Userrating, Usergender, UserCountry, UserAGE, UserStayDate, 
UserReviewTitel, UserReviewText, UserCreationDate, UserUpdateDate) values (14,'Nikolaus R',116407,'male','germany',56,'Sep2015','Bestens bedient','Über Ostern 2 Tage
 gemeinsam München besuchen. Wo willst Du da mit Familie und Kindern übernachten? Es soll nicht weit von der Innenstadt, aber auch ruhig gelegen sein, 
 Parken in Hotelnähe soll möglich sein und Eltern und Kinder sollen Ihre Zimmer nebeneinander und über eine Verbindungstür zugänglich haben, ein gutes
 Frühstück ist der Wunsch, ...', 01,02);
 
 Insert into ta_user (UserID, UserName, Userrating, Usergender, UserCountry, UserAGE, UserStayDate, 
UserReviewTitel, UserReviewText, UserCreationDate, UserUpdateDate) values (15,'tomspeck',205,'male','germany',78,'okt2015','Musicalreise München ','Sehr schönes zentral gelegenes und familiär
 geführtes Stadthotel. Schöne moderne Zimmer mit guter Ausstattung. Die Apartments im oberen Stock haben einen schönen Blick zur Altstadt. Alles zu Fuß gut zu erreichen. 
 Deutsches Theater um die Ecke. Gutes Frühstücksbüffet. Werden wieder kommen. Sehr zu empfehle', 170516,170804);
 
Insert into ta_user (UserID, UserName, Userrating, Usergender, UserCountry, UserAGE, UserStayDate, 
UserReviewTitel, UserReviewText, UserCreationDate, UserUpdateDate) values (16,'saschaz',101,'male','germany',50,'Apri2017','Super Hotel.
Alle Wünsche wurden erfüllt','Frühstück und Speisen im Restaurant sind sehr lecker und reichhaltig. Das Hallenbad,
der Fitnessraum und die Sauna sind top. Das Personal ist sehr freundlich. Auch der Spielraum für die Kinder ist schön.
Auf den Zimmern steht eine X-Box zur Verfügung.', 01,02);

Insert into ta_user (UserID, UserName, Userrating, Usergender, UserCountry, UserAGE, UserStayDate, 
UserReviewTitel, UserReviewText, UserCreationDate, UserUpdateDate) values (17,'T740RHsandrab',100,'male','germany',32,'April2017','Mit Kindern klasse','Wir waren mit unseren Kindern (8,5) da und wir haben uns die drei Nächte sehr wohl gefühlt. Der Wellnessbereich mit Schwimmbad und Sauna war toll und würde täglich mindesten einmal aufgesucht. Aber das beste war das
 Frühstück, wo sich niemand über die vielen Kinder beschwerte und das Personal fantastisch war und Sonderwünsche gerne erfüllte. Wir kommen auf jeden Fall wieder!', 01,02);

Insert into ta_user (UserID, UserName, Userrating, Usergender, UserCountry, UserAGE, UserStayDate, 
UserReviewTitel, UserReviewText, UserCreationDate, UserUpdateDate) values (18,'stefanieg495',200,'female','germany',67,'April2017','Familien Kurzurlaub in München','Wir
 waren 5 Nächte mit unseren beiden Kindern (6/10) im Novotel City. Übernachtet haben wir im Doppelzimmer, Kids auf ausziehbarem Sofa. 
 Trotz der vielen Gäste hatten wir ruhige Nächte dank gut isoliertem Zimmer. Das Frühstücksbuffet lässt keine Wünsche offen. Waren sehr zufrieden.', 170516,170804);

Insert into ta_user (UserID, UserName, Userrating, Usergender, UserCountry, UserAGE, UserStayDate, 
UserReviewTitel, UserReviewText, UserCreationDate, UserUpdateDate) values (19,'Nikolaus R',116407,'male','germany',56,'Sep2015','Bestens bedient','Über Ostern 2 Tage
 gemeinsam München besuchen. Wo willst Du da mit Familie und Kindern übernachten? Es soll nicht weit von der Innenstadt, aber auch ruhig gelegen sein, 
 Parken in Hotelnähe soll möglich sein und Eltern und Kinder sollen Ihre Zimmer nebeneinander und über eine Verbindungstür zugänglich haben, ein gutes
 Frühstück ist der Wunsch, ...', 01,02);
 
 Insert into ta_user (UserID, UserName, Userrating, Usergender, UserCountry, UserAGE, UserStayDate, 
UserReviewTitel, UserReviewText, UserCreationDate, UserUpdateDate) values (20,'tomspeck',205,'male','germany',78,'okt2015','Musicalreise München ','Sehr schönes zentral gelegenes und familiär
 geführtes Stadthotel. Schöne moderne Zimmer mit guter Ausstattung. Die Apartments im oberen Stock haben einen schönen Blick zur Altstadt. Alles zu Fuß gut zu erreichen. 
 Deutsches Theater um die Ecke. Gutes Frühstücksbüffet. Werden wieder kommen. Sehr zu empfehle', 170516,170804);

Insert into ta_user (UserID, UserName, Userrating, Usergender, UserCountry, UserAGE, UserStayDate, 
UserReviewTitel, UserReviewText, UserCreationDate, UserUpdateDate) values (21,'saschaz',101,'male','germany',50,'Apri2017','Super Hotel.
Alle Wünsche wurden erfüllt','Frühstück und Speisen im Restaurant sind sehr lecker und reichhaltig. Das Hallenbad,
der Fitnessraum und die Sauna sind top. Das Personal ist sehr freundlich. Auch der Spielraum für die Kinder ist schön.
Auf den Zimmern steht eine X-Box zur Verfügung.', 01,02);

Insert into ta_user (UserID, UserName, Userrating, Usergender, UserCountry, UserAGE, UserStayDate, 
UserReviewTitel, UserReviewText, UserCreationDate, UserUpdateDate) values (22,'T740RHsandrab',100,'male','germany',32,'April2017','Mit Kindern klasse','Wir waren mit unseren Kindern (8,5) da und wir haben uns die drei Nächte sehr wohl gefühlt. Der Wellnessbereich mit Schwimmbad und Sauna war toll und würde täglich mindesten einmal aufgesucht. Aber das beste war das
 Frühstück, wo sich niemand über die vielen Kinder beschwerte und das Personal fantastisch war und Sonderwünsche gerne erfüllte. Wir kommen auf jeden Fall wieder!', 01,02);

Insert into ta_user (UserID, UserName, Userrating, Usergender, UserCountry, UserAGE, UserStayDate, 
UserReviewTitel, UserReviewText, UserCreationDate, UserUpdateDate) values (23,'tomspeck',205,'male','germany',78,'okt2015','Musicalreise München ','Sehr schönes zentral gelegenes und familiär
 geführtes Stadthotel. Schöne moderne Zimmer mit guter Ausstattung. Die Apartments im oberen Stock haben einen schönen Blick zur Altstadt. Alles zu Fuß gut zu erreichen. 
 Deutsches Theater um die Ecke. Gutes Frühstücksbüffet. Werden wieder kommen. Sehr zu empfehle', 170516,170804);

Insert into ta_user (UserID, UserName, Userrating, Usergender, UserCountry, UserAGE, UserStayDate, 
UserReviewTitel, UserReviewText, UserCreationDate, UserUpdateDate) values (24,'saschaz',101,'male','germany',50,'Apri2017','Super Hotel.
Alle Wünsche wurden erfüllt','Frühstück und Speisen im Restaurant sind sehr lecker und reichhaltig. Das Hallenbad,
der Fitnessraum und die Sauna sind top. Das Personal ist sehr freundlich. Auch der Spielraum für die Kinder ist schön.
Auf den Zimmern steht eine X-Box zur Verfügung.', 01,02);

Insert into ta_user (UserID, UserName, Userrating, Usergender, UserCountry, UserAGE, UserStayDate, 
UserReviewTitel, UserReviewText, UserCreationDate, UserUpdateDate) values (25,'T740RHsandrab',100,'male','germany',32,'April2017','Mit Kindern klasse','Wir waren mit unseren Kindern (8,5) da und wir haben uns die drei Nächte sehr wohl gefühlt. Der Wellnessbereich mit Schwimmbad und Sauna war toll und würde täglich mindesten einmal aufgesucht. Aber das beste war das
 Frühstück, wo sich niemand über die vielen Kinder beschwerte und das Personal fantastisch war und Sonderwünsche gerne erfüllte. Wir kommen auf jeden Fall wieder!', 01,02);

 
 #Review

 Insert into ta_review (ReviewID, HotelRating, AmountofReviews, HotelID, UserID) values (1,55,2485,1,1);
 
 Insert into ta_review (ReviewID, HotelRating, AmountofReviews, HotelID, UserID) values (2,5,659,2,5);
 
 Insert into ta_review (ReviewID, HotelRating, AmountofReviews, HotelID, UserID) values (3,55,2485,1,1);
 
 Insert into ta_review (ReviewID, HotelRating, AmountofReviews, HotelID, UserID) values (4,5,659,2,5);

 Insert into ta_review (ReviewID, HotelRating, AmountofReviews, HotelID, UserID) values (5,55,2485,1,1);
 
 Insert into ta_review (ReviewID, HotelRating, AmountofReviews, HotelID, UserID) values (6,5,659,2,5);
 
 Insert into ta_review (ReviewID, HotelRating, AmountofReviews, HotelID, UserID) values (7,55,2485,1,1);
 
 Insert into ta_review (ReviewID, HotelRating, AmountofReviews, HotelID, UserID) values (8,5,659,2,5);

 Insert into ta_review (ReviewID, HotelRating, AmountofReviews, HotelID, UserID) values (9,55,2485,1,1);
 
 Insert into ta_review (ReviewID, HotelRating, AmountofReviews, HotelID, UserID) values (10,5,659,2,5);
 
 Insert into ta_review (ReviewID, HotelRating, AmountofReviews, HotelID, UserID) values (11,55,2485,1,1);
 
 Insert into ta_review (ReviewID, HotelRating, AmountofReviews, HotelID, UserID) values (12,5,659,2,5);

 Insert into ta_review (ReviewID, HotelRating, AmountofReviews, HotelID, UserID) values (13,55,2485,1,1);
 
 Insert into ta_review (ReviewID, HotelRating, AmountofReviews, HotelID, UserID) values (14,5,659,2,5);
 
 Insert into ta_review (ReviewID, HotelRating, AmountofReviews, HotelID, UserID) values (15,55,2485,1,1);
 
 Insert into ta_review (ReviewID, HotelRating, AmountofReviews, HotelID, UserID) values (16,5,659,2,5);

 Insert into ta_review (ReviewID, HotelRating, AmountofReviews, HotelID, UserID) values (17,55,2485,1,1);
 
 Insert into ta_review (ReviewID, HotelRating, AmountofReviews, HotelID, UserID) values (18,5,659,2,5);
 
 Insert into ta_review (ReviewID, HotelRating, AmountofReviews, HotelID, UserID) values (19,55,2485,1,1);
 
 Insert into ta_review (ReviewID, HotelRating, AmountofReviews, HotelID, UserID) values (20,5,659,2,5);

 Insert into ta_review (ReviewID, HotelRating, AmountofReviews, HotelID, UserID) values (21,5,659,2,5);

 Insert into ta_review (ReviewID, HotelRating, AmountofReviews, HotelID, UserID) values (22,55,2485,1,1);
 
 Insert into ta_review (ReviewID, HotelRating, AmountofReviews, HotelID, UserID) values (23,5,659,2,5);
 
 Insert into ta_review (ReviewID, HotelRating, AmountofReviews, HotelID, UserID) values (24,55,2485,1,1);
 
 Insert into ta_review (ReviewID, HotelRating, AmountofReviews, HotelID, UserID) values (25,5,659,2,5);


 #Review Pictures

 Insert into ta_ReviewPicture (ReviewPictureID, ReviewID, UserPictureNumber, UserPictureAddress) values (1, 1, 3,'https://www.tripadvisor.de/
 ShowUserReviews-g187309-d507522-
 r476584743-Novotel_Munich_City-Munich_Upper_Bavaria_Bavaria.html#photos;=RATES_CONT');
 
 Insert into ta_ReviewPicture (ReviewPictureID, ReviewID, UserPictureNumber, UserPictureAddress) values (2, 2, 30,'');

 Insert into ta_ReviewPicture (ReviewPictureID, ReviewID, UserPictureNumber, UserPictureAddress) values (3, 1, 3,'https://www.tripadvisor.de/
 ShowUserReviews-g187309-d507522-
 r476584743-Novotel_Munich_City-Munich_Upper_Bavaria_Bavaria.html#photos;=RATES_CONT');
 
 Insert into ta_ReviewPicture (ReviewPictureID, ReviewID, UserPictureNumber, UserPictureAddress) values (4, 2, 30,'');

 Insert into ta_ReviewPicture (ReviewPictureID, ReviewID, UserPictureNumber, UserPictureAddress) values (5, 1, 3,'https://www.tripadvisor.de/
 ShowUserReviews-g187309-d507522-
 r476584743-Novotel_Munich_City-Munich_Upper_Bavaria_Bavaria.html#photos;=RATES_CONT');
 
 Insert into ta_ReviewPicture (ReviewPictureID, ReviewID, UserPictureNumber, UserPictureAddress) values (6, 2, 30,'');

Insert into ta_ReviewPicture (ReviewPictureID, ReviewID, UserPictureNumber, UserPictureAddress) values (7, 1, 3,'https://www.tripadvisor.de/
 ShowUserReviews-g187309-d507522-
 r476584743-Novotel_Munich_City-Munich_Upper_Bavaria_Bavaria.html#photos;=RATES_CONT');
 
 Insert into ta_ReviewPicture (ReviewPictureID, ReviewID, UserPictureNumber, UserPictureAddress) values (8, 2, 30,'');

 Insert into ta_ReviewPicture (ReviewPictureID, ReviewID, UserPictureNumber, UserPictureAddress) values (9, 1, 3,'https://www.tripadvisor.de/
 ShowUserReviews-g187309-d507522-
 r476584743-Novotel_Munich_City-Munich_Upper_Bavaria_Bavaria.html#photos;=RATES_CONT');
 
 Insert into ta_ReviewPicture (ReviewPictureID, ReviewID, UserPictureNumber, UserPictureAddress) values (10, 2, 30,'');

 Insert into ta_ReviewPicture (ReviewPictureID, ReviewID, UserPictureNumber, UserPictureAddress) values (11, 1, 3,'https://www.tripadvisor.de/
 ShowUserReviews-g187309-d507522-
 r476584743-Novotel_Munich_City-Munich_Upper_Bavaria_Bavaria.html#photos;=RATES_CONT');
 
 Insert into ta_ReviewPicture (ReviewPictureID, ReviewID, UserPictureNumber, UserPictureAddress) values (12, 2, 30,'');

 Insert into ta_ReviewPicture (ReviewPictureID, ReviewID, UserPictureNumber, UserPictureAddress) values (13, 1, 3,'https://www.tripadvisor.de/
 ShowUserReviews-g187309-d507522-
 r476584743-Novotel_Munich_City-Munich_Upper_Bavaria_Bavaria.html#photos;=RATES_CONT');
 
 Insert into ta_ReviewPicture (ReviewPictureID, ReviewID, UserPictureNumber, UserPictureAddress) values (14, 2, 30,'');

 Insert into ta_ReviewPicture (ReviewPictureID, ReviewID, UserPictureNumber, UserPictureAddress) values (15, 1, 3,'https://www.tripadvisor.de/
 ShowUserReviews-g187309-d507522-
 r476584743-Novotel_Munich_City-Munich_Upper_Bavaria_Bavaria.html#photos;=RATES_CONT');
 
 Insert into ta_ReviewPicture (ReviewPictureID, ReviewID, UserPictureNumber, UserPictureAddress) values (16, 2, 30,'');

 Insert into ta_ReviewPicture (ReviewPictureID, ReviewID, UserPictureNumber, UserPictureAddress) values (17, 1, 3,'https://www.tripadvisor.de/
 ShowUserReviews-g187309-d507522-
 r476584743-Novotel_Munich_City-Munich_Upper_Bavaria_Bavaria.html#photos;=RATES_CONT');
 
 Insert into ta_ReviewPicture (ReviewPictureID, ReviewID, UserPictureNumber, UserPictureAddress) values (18, 2, 30,'');

Insert into ta_ReviewPicture (ReviewPictureID, ReviewID, UserPictureNumber, UserPictureAddress) values (19, 1, 3,'https://www.tripadvisor.de/
 ShowUserReviews-g187309-d507522-
 r476584743-Novotel_Munich_City-Munich_Upper_Bavaria_Bavaria.html#photos;=RATES_CONT');
 
 Insert into ta_ReviewPicture (ReviewPictureID, ReviewID, UserPictureNumber, UserPictureAddress) values (20, 2, 30,'');

 Insert into ta_ReviewPicture (ReviewPictureID, ReviewID, UserPictureNumber, UserPictureAddress) values (21, 1, 3,'https://www.tripadvisor.de/
 ShowUserReviews-g187309-d507522-
 r476584743-Novotel_Munich_City-Munich_Upper_Bavaria_Bavaria.html#photos;=RATES_CONT');
 
 Insert into ta_ReviewPicture (ReviewPictureID, ReviewID, UserPictureNumber, UserPictureAddress) values (22, 2, 30,'');

 Insert into ta_ReviewPicture (ReviewPictureID, ReviewID, UserPictureNumber, UserPictureAddress) values (23, 1, 3,'https://www.tripadvisor.de/
 ShowUserReviews-g187309-d507522-
 r476584743-Novotel_Munich_City-Munich_Upper_Bavaria_Bavaria.html#photos;=RATES_CONT');

 Insert into ta_ReviewPicture (ReviewPictureID, ReviewID, UserPictureNumber, UserPictureAddress) values (24, 2, 30,'');

 Insert into ta_ReviewPicture (ReviewPictureID, ReviewID, UserPictureNumber, UserPictureAddress) values (25, 1, 3,'https://www.tripadvisor.de/
 ShowUserReviews-g187309-d507522-
 r476584743-Novotel_Munich_City-Munich_Upper_Bavaria_Bavaria.html#photos;=RATES_CONT');


 
 
 
 
 
 
 
 

